,"RandomForest","XGBoost","LightGBM","AdaBoost","SVM","CatBoost","Tuned_SVM"
"ROC-AUC",0.794125247652683,0.77017830993195,0.788181583254372,0.82143164785942,0.820656387285727,0.820570247221983,0.835644758377121
"F1",0.310344827586207,0.452380952380952,0.457831325301205,0.534351145038168,0.542372881355932,0.555555555555556,0.574712643678161
"MCC",0.354151181901867,0.36614858237562,0.375005328070097,0.443179376034005,0.447797042975083,0.476077028013526,0.503666500989714
"Accuracy",0.863945578231293,0.843537414965986,0.846938775510204,0.792517006802721,0.816326530612245,0.863945578231293,0.874149659863946
"Precision",0.818181818181818,0.513513513513514,0.527777777777778,0.416666666666667,0.450704225352113,0.581395348837209,0.625
"Recall",0.191489361702128,0.404255319148936,0.404255319148936,0.74468085106383,0.680851063829787,0.531914893617021,0.531914893617021
