,ROC-AUC,PR-AUC,F1,MCC,Accuracy,Precision,Recall
RandomForest,0.7931777069515031,0.4490158338057801,0.18181818181818182,0.21227160631448166,0.8469387755102041,0.625,0.10638297872340426
XGBoost,0.7785338961150831,0.5116916956940408,0.37142857142857144,0.32222784475039684,0.8503401360544217,0.5652173913043478,0.2765957446808511
LightGBM,0.7395124472392111,0.4421013930795703,0.4155844155844156,0.34352915287430985,0.8469387755102041,0.5333333333333333,0.3404255319148936
AdaBoost,0.7897321044017572,0.515244328475195,0.45925925925925926,0.34314884418768615,0.7517006802721088,0.3522727272727273,0.6595744680851063
SVM,0.8309931949349643,0.5880357108664009,0.5555555555555556,0.4634422232700465,0.8367346938775511,0.4918032786885246,0.6382978723404256
CatBoost,0.7905935050391938,0.5175329696333696,0.45977011494252873,0.36831188372191165,0.8401360544217688,0.5,0.425531914893617
SVM_tuned,0.8356447583771213,0.6397261217429142,0.5747126436781609,0.5036665009897141,0.8741496598639455,0.625,0.5319148936170213
